Label,# Samples,Average,Min,Max,Std. Dev.,Error %,Throughput,Received KB/sec,Sent KB/sec,Avg. Bytes
Get Tours,12047,1001,1000,1009,0.88,0.000%,67.17521,18.04,10.10,275.0
Book Tour,11947,0,0,23,0.67,0.000%,67.37271,16.25,13.36,247.0
TOTAL,23994,503,0,1009,500.52,0.000%,133.79280,34.11,23.31,261.1
