Label,# Samples,Average,Min,Max,Std. Dev.,Error %,Throughput,Received KB/sec,Sent KB/sec,Avg. Bytes
Get Tours,1584152,20,0,9472,133.29,16.459%,2406.13993,1530.62,302.30,651.4
Book Tour,1584062,15,0,9029,121.76,12.834%,2406.06901,1278.67,415.77,544.2
TOTAL,3168214,18,0,9472,127.68,14.647%,4812.14316,2809.26,718.06,597.8
